asset,state,frame,sourceX,sourceY,width,height,pivotX,pivotY,bodyHeight
player/01,idle,0,17,18,66,108,39.0,106.0,102.0
player/01,idle,1,105,20,68,106,40.0,104.0,102.0
player/01,idle,2,194,20,67,107,39.0,104.0,102.0
player/01,idle,3,283,20,69,107,33.0,104.0,102.0
player/01,idle,4,371,21,66,106,31.0,103.0,102.0
player/01,idle,5,455,19,67,108,35.0,105.0,102.0
player/01,idle,6,536,20,64,107,35.0,104.0,102.0
player/01,idle,7,625,19,53,109,26.0,105.0,102.0
player/01,idle,8,702,20,54,108,27.0,104.0,102.0
player/01,idle,9,777,20,55,108,32.0,104.0,102.0
player/01,idle,10,856,20,53,107,27.0,104.0,102.0
player/01,idle,11,933,20,63,106,34.0,104.0,102.0
player/01,idle,12,1014,20,67,105,39.0,104.0,102.0
player/01,idle,13,1093,21,63,104,45.0,103.0,102.0
player/01,idle,14,1177,20,62,106,42.0,104.0,102.0
player/01,idle,15,1267,19,61,106,40.0,105.0,102.0
player/01,idle,16,1350,17,62,107,43.0,107.0,102.0
player/01,idle,17,1437,17,63,107,40.0,107.0,102.0
player/01,walk,0,12,139,70,104,41.0,103.0,102.0
player/01,walk,1,101,139,75,104,41.0,103.0,102.0
player/01,walk,2,189,140,83,102,38.0,102.0,102.0
player/01,walk,3,286,140,73,103,23.0,102.0,102.0
player/01,walk,4,380,140,66,102,15.0,102.0,102.0
player/01,walk,5,466,139,65,103,18.0,103.0,102.0
player/01,walk,6,550,139,58,104,19.0,103.0,102.0
player/01,walk,7,629,139,59,105,20.0,103.0,102.0
player/01,walk,8,703,139,53,106,26.0,103.0,102.0
player/01,walk,9,777,139,55,106,27.0,103.0,102.0
player/01,walk,10,847,139,59,105,37.0,103.0,102.0
player/01,walk,11,926,140,62,103,39.0,102.0,102.0
player/01,walk,12,1005,139,66,103,43.0,103.0,102.0
player/01,walk,13,1088,140,66,102,45.0,102.0,102.0
player/01,walk,14,1178,139,66,103,38.0,103.0,102.0
player/01,walk,15,1268,140,62,102,33.0,102.0,102.0
player/01,walk,16,1347,137,68,105,37.0,105.0,102.0
player/01,walk,17,1436,137,64,105,40.0,105.0,102.0
player/01,run,0,12,258,87,102,41.0,101.0,102.0
player/01,run,1,101,259,85,101,40.0,100.0,102.0
player/01,run,2,187,258,86,100,41.0,101.0,102.0
player/01,run,3,290,259,71,100,24.0,100.0,102.0
player/01,run,4,374,259,74,99,23.0,100.0,102.0
player/01,run,5,460,259,71,101,24.0,100.0,102.0
player/01,run,6,546,259,69,102,23.0,100.0,102.0
player/01,run,7,628,258,66,104,21.0,101.0,102.0
player/01,run,8,702,257,59,107,26.0,102.0,102.0
player/01,run,9,772,257,59,107,34.0,102.0,102.0
player/01,run,10,841,259,66,103,46.0,100.0,102.0
player/01,run,11,920,258,71,103,50.0,101.0,102.0
player/01,run,12,1004,259,71,94,50.0,100.0,102.0
player/01,run,13,1088,258,74,101,51.0,101.0,102.0
player/01,run,14,1175,258,72,101,47.0,101.0,102.0
player/01,run,15,1262,259,85,99,46.0,100.0,102.0
player/01,run,16,1351,258,82,101,43.0,101.0,102.0
player/01,run,17,1437,257,86,102,43.0,102.0,102.0
player/01,attack1,0,15,374,82,100,46.0,100.0,102.0
player/01,attack1,1,111,375,84,100,42.0,99.0,102.0
player/01,attack1,2,204,371,81,105,45.0,103.0,102.0
player/01,attack1,3,289,373,69,102,43.0,101.0,102.0
player/01,attack1,4,366,383,77,91,38.0,91.0,102.0
player/01,attack1,5,446,370,94,104,50.0,104.0,102.0
player/01,attack1,6,538,385,77,91,48.0,89.0,102.0
player/01,attack1,7,620,381,98,98,38.0,93.0,102.0
player/01,attack1,8,705,383,63,96,34.0,91.0,102.0
player/01,attack1,9,774,383,62,98,28.0,91.0,102.0
player/01,attack1,10,839,390,92,88,41.0,84.0,102.0
player/01,attack1,11,925,390,76,86,38.0,84.0,102.0
player/01,attack1,12,1005,377,83,100,43.0,97.0,102.0
player/01,attack1,13,1089,369,84,103,41.0,105.0,102.0
player/01,attack1,14,1172,371,88,101,44.0,103.0,102.0
player/01,attack1,15,1257,373,90,100,42.0,101.0,102.0
player/01,attack1,16,1354,377,74,98,37.0,97.0,102.0
player/01,attack1,17,1437,375,79,100,33.0,99.0,102.0
player/01,attack2,0,11,500,84,104,49.0,104.0,102.0
player/01,attack2,1,101,488,139,112,77.0,116.0,102.0
player/01,attack2,2,232,518,122,82,50.0,86.0,102.0
player/01,attack2,3,349,519,103,84,40.0,85.0,102.0
player/01,attack2,4,459,491,141,105,86.0,113.0,102.0
player/01,attack2,5,604,481,106,128,45.0,123.0,102.0
player/01,attack2,6,702,495,62,115,33.0,109.0,102.0
player/01,attack2,7,772,510,62,100,33.0,94.0,102.0
player/01,attack2,8,839,482,119,129,43.0,122.0,102.0
player/01,attack2,9,932,500,74,105,49.0,104.0,102.0
player/01,attack2,10,1010,495,102,111,50.0,109.0,102.0
player/01,attack2,11,1109,498,97,107,69.0,106.0,102.0
player/01,attack2,12,1216,493,122,111,57.0,111.0,102.0
player/01,attack2,13,1325,490,121,115,61.0,114.0,102.0
player/01,attack2,14,1438,500,82,104,44.0,104.0,102.0
player/01,hurt,0,17,618,73,105,45.0,102.0,102.0
player/01,hurt,1,104,626,81,96,46.0,94.0,102.0
player/01,hurt,2,212,628,70,96,30.0,92.0,102.0
player/01,hurt,3,308,635,55,89,23.0,85.0,102.0
player/01,hurt,4,396,640,50,84,24.0,80.0,102.0
player/01,hurt,5,477,643,52,81,26.0,77.0,102.0
player/01,hurt,6,556,640,52,85,27.0,80.0,102.0
player/01,hurt,7,631,643,50,82,24.0,77.0,102.0
player/01,hurt,8,701,653,64,70,26.0,67.0,102.0
player/01,hurt,9,782,652,60,71,30.0,68.0,102.0
player/01,hurt,10,864,643,52,82,29.0,77.0,102.0
player/01,hurt,11,941,639,57,86,33.0,81.0,102.0
player/01,hurt,12,1030,636,52,90,26.0,84.0,102.0
player/01,hurt,13,1115,629,55,96,30.0,91.0,102.0
player/01,hurt,14,1196,628,54,97,32.0,92.0,102.0
player/01,hurt,15,1276,625,62,99,32.0,95.0,102.0
player/01,hurt,16,1366,621,58,103,26.0,99.0,102.0
player/01,hurt,17,1438,619,75,105,43.0,101.0,102.0
player/01,death,0,17,733,82,104,43.0,102.0,102.0
player/01,death,1,110,736,85,103,35.0,99.0,102.0
player/01,death,2,206,740,80,100,38.0,95.0,102.0
player/01,death,3,300,757,87,80,42.0,78.0,102.0
player/01,death,4,396,766,95,73,46.0,69.0,102.0
player/01,death,5,497,776,102,65,58.0,59.0,102.0
player/01,death,6,606,779,103,61,55.0,56.0,102.0
player/01,death,7,717,787,104,53,54.0,48.0,102.0
player/01,death,8,828,797,103,46,54.0,38.0,102.0
player/01,death,9,937,796,109,46,54.0,39.0,102.0
player/01,death,10,1053,797,106,44,55.0,38.0,102.0
player/01,death,11,1165,797,108,44,53.0,38.0,102.0
player/01,death,12,1278,798,110,41,52.0,37.0,102.0
player/01,death,13,1401,794,108,39,54.0,41.0,102.0
player/01,skill,0,16,891,73,103,44.0,100.0,102.0
player/01,skill,1,100,842,90,158,47.0,149.0,102.0
player/01,skill,2,189,838,94,162,45.0,153.0,102.0
player/01,skill,3,278,835,112,165,59.0,156.0,102.0
player/01,skill,4,387,840,125,160,52.0,151.0,102.0
player/01,skill,5,477,839,114,160,49.0,152.0,102.0
player/01,skill,6,577,842,108,156,65.0,149.0,102.0
player/01,skill,7,677,839,119,162,60.0,152.0,102.0
player/01,skill,8,789,841,111,155,53.0,150.0,102.0
player/01,skill,9,894,853,139,146,71.0,138.0,102.0
player/01,skill,10,1017,845,112,149,63.0,146.0,102.0
player/01,skill,11,1124,860,87,134,49.0,131.0,102.0
player/01,skill,12,1214,891,66,103,37.0,100.0,102.0
player/01,skill,13,1288,891,69,102,36.0,100.0,102.0
player/01,skill,14,1366,891,67,103,31.0,100.0,102.0
player/01,skill,15,1442,891,65,103,36.0,100.0,102.0
player/Evo1,idle,0,8,36,88,126,55.0,123.0,120.0
player/Evo1,idle,1,96,36,89,126,57.0,123.0,120.0
player/Evo1,idle,2,184,36,89,126,59.0,123.0,120.0
player/Evo1,idle,3,274,36,88,126,57.0,123.0,120.0
player/Evo1,idle,4,363,36,88,126,59.0,123.0,120.0
player/Evo1,idle,5,452,37,88,125,59.0,122.0,120.0
player/Evo1,idle,6,542,36,85,126,57.0,123.0,120.0
player/Evo1,idle,7,635,37,86,125,53.0,122.0,120.0
player/Evo1,idle,8,725,37,88,125,54.0,122.0,120.0
player/Evo1,idle,9,832,37,80,125,38.0,122.0,120.0
player/Evo1,idle,10,918,37,92,125,41.0,122.0,120.0
player/Evo1,idle,11,1008,36,89,126,39.0,123.0,120.0
player/Evo1,idle,12,1096,37,88,125,39.0,122.0,120.0
player/Evo1,idle,13,1184,37,89,125,40.0,122.0,120.0
player/Evo1,idle,14,1276,36,83,126,31.0,123.0,120.0
player/Evo1,idle,15,1361,37,84,125,29.0,122.0,120.0
player/Evo1,idle,16,1447,36,84,126,27.0,123.0,120.0
player/Evo1,walk,0,5,175,89,113,58.0,113.0,120.0
player/Evo1,walk,1,98,174,86,114,56.0,114.0,120.0
player/Evo1,walk,2,188,174,87,116,57.0,114.0,120.0
player/Evo1,walk,3,277,175,88,116,57.0,113.0,120.0
player/Evo1,walk,4,365,176,89,115,57.0,112.0,120.0
player/Evo1,walk,5,455,177,86,115,56.0,111.0,120.0
player/Evo1,walk,6,541,176,87,115,57.0,112.0,120.0
player/Evo1,walk,7,631,176,88,115,56.0,112.0,120.0
player/Evo1,walk,8,721,177,87,114,56.0,111.0,120.0
player/Evo1,walk,9,821,176,77,115,41.0,112.0,120.0
player/Evo1,walk,10,913,174,101,116,42.0,114.0,120.0
player/Evo1,walk,11,1016,174,88,116,29.0,114.0,120.0
player/Evo1,walk,12,1104,174,86,115,29.0,114.0,120.0
player/Evo1,walk,13,1190,174,88,115,30.0,114.0,120.0
player/Evo1,walk,14,1281,174,85,116,24.0,114.0,120.0
player/Evo1,walk,15,1368,174,84,116,25.0,114.0,120.0
player/Evo1,walk,16,1453,174,83,116,25.0,114.0,120.0
player/Evo1,run,0,3,300,108,102,60.0,99.0,120.0
player/Evo1,run,1,100,301,115,101,63.0,98.0,120.0
player/Evo1,run,2,200,302,115,100,64.0,97.0,120.0
player/Evo1,run,3,306,302,104,99,56.0,97.0,120.0
player/Evo1,run,4,401,303,102,100,54.0,96.0,120.0
player/Evo1,run,5,498,303,96,99,48.0,96.0,120.0
player/Evo1,run,6,586,303,96,100,48.0,96.0,120.0
player/Evo1,run,7,678,304,95,98,50.0,95.0,120.0
player/Evo1,run,8,766,303,92,100,47.0,96.0,120.0
player/Evo1,run,9,853,303,92,100,49.0,96.0,120.0
player/Evo1,run,10,940,303,89,100,45.0,96.0,120.0
player/Evo1,run,11,1022,304,90,98,46.0,95.0,120.0
player/Evo1,run,12,1099,304,95,98,52.0,95.0,120.0
player/Evo1,run,13,1186,304,92,98,50.0,95.0,120.0
player/Evo1,run,14,1266,304,96,98,53.0,95.0,120.0
player/Evo1,run,15,1347,304,98,98,56.0,95.0,120.0
player/Evo1,run,16,1437,304,99,98,52.0,95.0,120.0
player/Evo1,attack1,0,5,420,88,114,58.0,111.0,120.0
player/Evo1,attack1,1,97,417,85,117,56.0,114.0,120.0
player/Evo1,attack1,2,189,421,85,112,55.0,110.0,120.0
player/Evo1,attack1,3,266,418,93,115,67.0,113.0,120.0
player/Evo1,attack1,4,365,421,118,112,62.0,110.0,120.0
player/Evo1,attack1,5,451,430,131,103,75.0,101.0,120.0
player/Evo1,attack1,6,541,430,94,103,68.0,101.0,120.0
player/Evo1,attack1,7,631,422,161,110,78.0,109.0,120.0
player/Evo1,attack1,8,721,421,130,113,104.0,110.0,120.0
player/Evo1,attack1,9,837,422,131,112,104.0,109.0,120.0
player/Evo1,attack1,10,953,423,130,111,80.0,108.0,120.0
player/Evo1,attack1,11,1045,424,103,110,50.0,107.0,120.0
player/Evo1,attack1,12,1121,422,84,113,54.0,109.0,120.0
player/Evo1,attack1,13,1187,421,113,113,68.0,110.0,120.0
player/Evo1,attack1,14,1271,422,144,113,73.0,109.0,120.0
player/Evo1,attack1,15,1408,425,129,109,71.0,106.0,120.0
player/Evo1,attack2,0,4,555,88,105,59.0,103.0,120.0
player/Evo1,attack2,1,91,554,89,106,62.0,104.0,120.0
player/Evo1,attack2,2,177,552,90,108,67.0,106.0,120.0
player/Evo1,attack2,3,266,550,98,110,71.0,108.0,120.0
player/Evo1,attack2,4,355,554,104,106,75.0,104.0,120.0
player/Evo1,attack2,5,448,552,155,108,85.0,106.0,120.0
player/Evo1,attack2,6,550,550,101,110,81.0,108.0,120.0
player/Evo1,attack2,7,645,549,115,112,87.0,109.0,120.0
player/Evo1,attack2,8,744,552,157,108,109.0,106.0,120.0
player/Evo1,attack2,9,892,552,119,109,89.0,106.0,120.0
player/Evo1,attack2,10,999,549,152,112,99.0,109.0,120.0
player/Evo1,attack2,11,1128,550,204,109,99.0,108.0,120.0
player/Evo1,attack2,12,1296,552,141,109,84.0,106.0,120.0
player/Evo1,attack2,13,1413,551,115,110,74.0,107.0,120.0
player/Evo1,hurt,0,6,671,88,104,55.0,103.0,120.0
player/Evo1,hurt,1,97,674,83,102,52.0,100.0,120.0
player/Evo1,hurt,2,184,675,89,101,55.0,99.0,120.0
player/Evo1,hurt,3,273,674,89,102,55.0,100.0,120.0
player/Evo1,hurt,4,362,674,89,102,57.0,100.0,120.0
player/Evo1,hurt,5,450,676,92,100,58.0,98.0,120.0
player/Evo1,hurt,6,544,676,91,101,56.0,98.0,120.0
player/Evo1,hurt,7,634,678,92,100,55.0,96.0,120.0
player/Evo1,hurt,8,718,677,97,100,56.0,97.0,120.0
player/Evo1,hurt,9,814,684,102,95,52.0,90.0,120.0
player/Evo1,hurt,10,906,687,96,90,52.0,87.0,120.0
player/Evo1,hurt,11,993,692,100,86,56.0,82.0,120.0
player/Evo1,hurt,12,1089,695,103,80,55.0,79.0,120.0
player/Evo1,hurt,13,1189,693,99,83,53.0,81.0,120.0
player/Evo1,hurt,14,1284,686,118,93,56.0,88.0,120.0
player/Evo1,hurt,15,1408,677,130,104,66.0,97.0,120.0
player/Evo1,death,0,6,784,85,90,49.0,86.0,120.0
player/Evo1,death,1,95,785,98,89,48.0,85.0,120.0
player/Evo1,death,2,186,795,99,77,47.0,75.0,120.0
player/Evo1,death,3,281,794,116,71,62.0,76.0,120.0
player/Evo1,death,4,403,792,112,73,62.0,78.0,120.0
player/Evo1,death,5,508,802,126,72,68.0,68.0,120.0
player/Evo1,death,6,639,807,109,64,57.0,63.0,120.0
player/Evo1,death,7,751,809,119,65,67.0,61.0,120.0
player/Evo1,death,8,874,809,119,61,61.0,61.0,120.0
player/Evo1,death,9,995,808,119,66,59.0,62.0,120.0
player/Evo1,death,10,1098,799,196,70,119.0,71.0,120.0
player/Evo1,death,11,1288,800,139,67,94.0,70.0,120.0
player/Evo1,death,12,1429,815,107,55,53.0,55.0,120.0
player/Evo1,skill,0,7,889,91,123,57.0,120.0,120.0
player/Evo1,skill,1,97,889,93,123,52.0,120.0,120.0
player/Evo1,skill,2,185,865,100,147,52.0,144.0,120.0
player/Evo1,skill,3,278,861,96,151,52.0,148.0,120.0
player/Evo1,skill,4,368,869,96,143,54.0,140.0,120.0
player/Evo1,skill,5,459,875,99,137,52.0,134.0,120.0
player/Evo1,skill,6,545,869,97,144,59.0,140.0,120.0
player/Evo1,skill,7,631,871,110,142,65.0,138.0,120.0
player/Evo1,skill,8,722,878,119,134,67.0,131.0,120.0
player/Evo1,skill,9,814,876,111,136,62.0,133.0,120.0
player/Evo1,skill,10,903,884,117,128,73.0,125.0,120.0
player/Evo1,skill,11,989,873,116,139,81.0,136.0,120.0
player/Evo1,skill,12,1082,872,130,139,71.0,137.0,120.0
player/Evo1,skill,13,1171,889,108,123,64.0,120.0,120.0
player/Evo1,skill,14,1270,889,91,123,48.0,120.0,120.0
player/Evo1,skill,15,1363,889,82,123,41.0,120.0,120.0
player/Evo1,skill,16,1434,888,90,124,50.0,121.0,120.0
player/Evo2,idle,0,2,49,91,123,59.0,119.0,117.0
player/Evo2,idle,1,91,49,95,123,60.0,119.0,117.0
player/Evo2,idle,2,178,49,96,123,61.0,119.0,117.0
player/Evo2,idle,3,270,49,97,122,59.0,119.0,117.0
player/Evo2,idle,4,358,49,91,122,61.0,119.0,117.0
player/Evo2,idle,5,451,49,87,122,59.0,119.0,117.0
player/Evo2,idle,6,541,49,87,123,59.0,119.0,117.0
player/Evo2,idle,7,632,49,88,123,58.0,119.0,117.0
player/Evo2,idle,8,721,49,113,123,59.0,119.0,117.0
player/Evo2,idle,9,829,48,95,123,41.0,120.0,117.0
player/Evo2,idle,10,914,48,100,123,43.0,120.0,117.0
player/Evo2,idle,11,1008,48,94,123,38.0,120.0,117.0
player/Evo2,idle,12,1094,48,95,123,39.0,120.0,117.0
player/Evo2,idle,13,1182,49,95,122,38.0,119.0,117.0
player/Evo2,idle,14,1271,49,93,123,36.0,119.0,117.0
player/Evo2,idle,15,1361,48,89,124,30.0,120.0,117.0
player/Evo2,idle,16,1446,49,91,122,33.0,119.0,117.0
player/Evo2,walk,0,2,191,92,110,60.0,107.0,117.0
player/Evo2,walk,1,89,191,92,110,62.0,107.0,117.0
player/Evo2,walk,2,179,192,91,108,60.0,106.0,117.0
player/Evo2,walk,3,267,191,92,110,61.0,107.0,117.0
player/Evo2,walk,4,356,191,92,110,62.0,107.0,117.0
player/Evo2,walk,5,446,192,92,109,63.0,106.0,117.0
player/Evo2,walk,6,539,192,92,109,62.0,106.0,117.0
player/Evo2,walk,7,629,191,96,110,62.0,107.0,117.0
player/Evo2,walk,8,719,192,96,110,62.0,106.0,117.0
player/Evo2,walk,9,809,191,98,110,62.0,107.0,117.0
player/Evo2,walk,10,893,191,108,111,70.0,107.0,117.0
player/Evo2,walk,11,991,191,100,111,63.0,107.0,117.0
player/Evo2,walk,12,1079,191,99,110,62.0,107.0,117.0
player/Evo2,walk,13,1162,191,107,110,68.0,107.0,117.0
player/Evo2,walk,14,1253,192,102,109,63.0,106.0,117.0
player/Evo2,walk,15,1340,191,100,111,62.0,107.0,117.0
player/Evo2,walk,16,1425,192,109,109,65.0,106.0,117.0
player/Evo2,run,0,3,317,102,102,54.0,100.0,117.0
player/Evo2,run,1,91,318,101,102,55.0,99.0,117.0
player/Evo2,run,2,180,318,98,102,56.0,99.0,117.0
player/Evo2,run,3,268,317,103,102,59.0,100.0,117.0
player/Evo2,run,4,359,317,99,103,57.0,100.0,117.0
player/Evo2,run,5,448,316,99,103,58.0,101.0,117.0
player/Evo2,run,6,539,318,100,102,57.0,99.0,117.0
player/Evo2,run,7,627,318,100,102,59.0,99.0,117.0
player/Evo2,run,8,708,319,108,101,68.0,98.0,117.0
player/Evo2,run,9,807,318,101,102,58.0,99.0,117.0
player/Evo2,run,10,891,318,108,102,64.0,99.0,117.0
player/Evo2,run,11,987,318,102,102,61.0,99.0,117.0
player/Evo2,run,12,1068,321,110,99,70.0,96.0,117.0
player/Evo2,run,13,1163,320,105,101,67.0,97.0,117.0
player/Evo2,run,14,1251,320,102,100,69.0,97.0,117.0
player/Evo2,run,15,1339,322,100,98,68.0,95.0,117.0
player/Evo2,run,16,1424,319,109,101,66.0,98.0,117.0
player/Evo2,attack1,0,3,450,87,110,58.0,109.0,117.0
player/Evo2,attack1,1,89,451,92,110,63.0,108.0,117.0
player/Evo2,attack1,2,176,455,94,105,63.0,104.0,117.0
player/Evo2,attack1,3,224,427,138,134,92.0,132.0,117.0
player/Evo2,attack1,4,332,436,115,126,71.0,123.0,117.0
player/Evo2,attack1,5,423,425,128,136,86.0,134.0,117.0
player/Evo2,attack1,6,545,442,116,119,72.0,117.0,117.0
player/Evo2,attack1,7,638,440,160,123,81.0,119.0,117.0
player/Evo2,attack1,8,753,441,166,122,81.0,118.0,117.0
player/Evo2,attack1,9,873,453,120,109,94.0,106.0,117.0
player/Evo2,attack1,10,979,432,100,131,64.0,127.0,117.0
player/Evo2,attack1,11,1055,433,115,129,61.0,126.0,117.0
player/Evo2,attack1,12,1147,450,85,113,57.0,109.0,117.0
player/Evo2,attack1,13,1216,446,129,116,67.0,113.0,117.0
player/Evo2,attack1,14,1315,439,131,124,72.0,120.0,117.0
player/Evo2,attack1,15,1415,450,122,113,69.0,109.0,117.0
player/Evo2,attack2,0,4,576,88,111,57.0,110.0,117.0
player/Evo2,attack2,1,91,576,95,111,60.0,110.0,117.0
player/Evo2,attack2,2,181,577,93,110,60.0,109.0,117.0
player/Evo2,attack2,3,268,577,94,110,63.0,109.0,117.0
player/Evo2,attack2,4,358,577,111,110,68.0,109.0,117.0
player/Evo2,attack2,5,452,578,135,111,78.0,108.0,117.0
player/Evo2,attack2,6,560,572,169,118,78.0,114.0,117.0
player/Evo2,attack2,7,681,570,146,120,92.0,116.0,117.0
player/Evo2,attack2,8,785,569,134,120,96.0,117.0,117.0
player/Evo2,attack2,9,906,571,165,119,91.0,115.0,117.0
player/Evo2,attack2,10,1055,577,132,113,87.0,109.0,117.0
player/Evo2,attack2,11,1171,576,211,114,94.0,110.0,117.0
player/Evo2,attack2,12,1381,578,150,112,77.0,108.0,117.0
player/Evo2,hurt,0,4,695,87,112,57.0,110.0,117.0
player/Evo2,hurt,1,91,697,87,110,58.0,108.0,117.0
player/Evo2,hurt,2,177,697,89,110,58.0,108.0,117.0
player/Evo2,hurt,3,268,701,95,106,51.0,104.0,117.0
player/Evo2,hurt,4,362,706,93,100,49.0,99.0,117.0
player/Evo2,hurt,5,442,710,101,96,52.0,95.0,117.0
player/Evo2,hurt,6,535,715,99,91,52.0,90.0,117.0
player/Evo2,hurt,7,629,721,97,86,51.0,84.0,117.0
player/Evo2,hurt,8,719,720,109,86,57.0,85.0,117.0
player/Evo2,hurt,9,817,736,105,71,54.0,69.0,117.0
player/Evo2,hurt,10,919,734,100,72,54.0,71.0,117.0
player/Evo2,hurt,11,1016,741,114,69,61.0,64.0,117.0
player/Evo2,hurt,12,1121,741,125,70,66.0,64.0,117.0
player/Evo2,hurt,13,1238,728,113,83,56.0,77.0,117.0
player/Evo2,hurt,14,1341,702,95,108,47.0,103.0,117.0
player/Evo2,hurt,15,1430,704,104,107,53.0,101.0,117.0
player/Evo2,death,0,11,813,79,81,44.0,75.0,117.0
player/Evo2,death,1,98,813,82,81,45.0,75.0,117.0
player/Evo2,death,2,177,818,109,76,54.0,70.0,117.0
player/Evo2,death,3,273,826,125,65,68.0,62.0,117.0
player/Evo2,death,4,401,822,107,66,50.0,66.0,117.0
player/Evo2,death,5,507,828,122,64,58.0,60.0,117.0
player/Evo2,death,6,625,824,144,66,57.0,64.0,117.0
player/Evo2,death,7,763,823,129,61,52.0,65.0,117.0
player/Evo2,death,8,886,826,120,61,39.0,62.0,117.0
player/Evo2,death,9,997,823,89,66,30.0,65.0,117.0
player/Evo2,death,10,1052,815,179,75,105.0,73.0,117.0
player/Evo2,death,11,1226,825,164,66,87.0,63.0,117.0
player/Evo2,death,12,1384,828,137,61,67.0,60.0,117.0
player/Evo2,skill,0,4,898,90,110,57.0,107.0,117.0
player/Evo2,skill,1,91,898,99,110,57.0,107.0,117.0
player/Evo2,skill,2,176,878,102,129,60.0,127.0,117.0
player/Evo2,skill,3,270,883,107,125,61.0,122.0,117.0
player/Evo2,skill,4,369,878,101,130,51.0,127.0,117.0
player/Evo2,skill,5,458,878,96,130,51.0,127.0,117.0
player/Evo2,skill,6,545,883,97,125,54.0,122.0,117.0
player/Evo2,skill,7,634,883,107,125,54.0,122.0,117.0
player/Evo2,skill,8,725,901,94,107,52.0,104.0,117.0
player/Evo2,skill,9,799,893,106,115,70.0,112.0,117.0
player/Evo2,skill,10,881,891,137,117,75.0,114.0,117.0
player/Evo2,skill,11,976,891,122,116,70.0,114.0,117.0
player/Evo2,skill,12,1066,888,369,121,86.0,117.0,117.0
player/Evo2,skill,13,1425,903,112,105,57.0,102.0,117.0
monster/gg,idle,0,6,9,93,107,45.0,104.0,103.0
monster/gg,idle,1,102,8,94,108,45.0,105.0,103.0
monster/gg,idle,2,197,8,94,108,47.0,105.0,103.0
monster/gg,idle,3,292,7,95,109,48.0,106.0,103.0
monster/gg,idle,4,387,7,96,109,48.0,106.0,103.0
monster/gg,idle,5,481,7,96,109,49.0,106.0,103.0
monster/gg,idle,6,578,8,95,108,47.0,105.0,103.0
monster/gg,idle,7,674,8,94,108,47.0,105.0,103.0
monster/gg,idle,8,771,8,96,108,47.0,105.0,103.0
monster/gg,idle,9,868,9,96,107,47.0,104.0,103.0
monster/gg,idle,10,963,8,96,107,47.0,105.0,103.0
monster/gg,idle,11,1060,8,95,108,47.0,105.0,103.0
monster/gg,idle,12,1155,9,94,107,47.0,104.0,103.0
monster/gg,idle,13,1250,8,94,108,48.0,105.0,103.0
monster/gg,idle,14,1346,7,94,108,48.0,106.0,103.0
monster/gg,idle,15,1441,8,94,108,47.0,105.0,103.0
monster/gg,walk,0,7,127,93,111,45.0,111.0,103.0
monster/gg,walk,1,105,128,84,113,42.0,110.0,103.0
monster/gg,walk,2,201,128,83,113,41.0,110.0,103.0
monster/gg,walk,3,297,126,85,115,41.0,112.0,103.0
monster/gg,walk,4,392,126,91,114,45.0,112.0,103.0
monster/gg,walk,5,490,126,89,114,43.0,112.0,103.0
monster/gg,walk,6,586,126,87,114,43.0,112.0,103.0
monster/gg,walk,7,681,126,88,114,43.0,112.0,103.0
monster/gg,walk,8,775,127,89,114,45.0,111.0,103.0
monster/gg,walk,9,869,126,91,115,46.0,112.0,103.0
monster/gg,walk,10,965,126,91,115,46.0,112.0,103.0
monster/gg,walk,11,1060,126,91,115,48.0,112.0,103.0
monster/gg,walk,12,1155,126,91,115,49.0,112.0,103.0
monster/gg,walk,13,1251,126,86,115,45.0,112.0,103.0
monster/gg,walk,14,1348,126,82,115,43.0,112.0,103.0
monster/gg,walk,15,1444,127,80,114,42.0,111.0,103.0
monster/gg,run,0,4,253,97,117,48.0,114.0,103.0
monster/gg,run,1,104,254,93,116,45.0,113.0,103.0
monster/gg,run,2,200,254,90,116,45.0,113.0,103.0
monster/gg,run,3,291,253,96,117,48.0,114.0,103.0
monster/gg,run,4,389,251,88,119,47.0,116.0,103.0
monster/gg,run,5,483,253,92,117,49.0,114.0,103.0
monster/gg,run,6,580,252,92,118,48.0,115.0,103.0
monster/gg,run,7,675,252,93,118,49.0,115.0,103.0
monster/gg,run,8,772,252,95,118,48.0,115.0,103.0
monster/gg,run,9,868,250,97,120,51.0,117.0,103.0
monster/gg,run,10,964,250,96,120,52.0,117.0,103.0
monster/gg,run,11,1058,251,99,118,53.0,116.0,103.0
monster/gg,run,12,1156,252,99,117,52.0,115.0,103.0
monster/gg,run,13,1252,252,100,116,53.0,115.0,103.0
monster/gg,run,14,1349,251,98,119,52.0,116.0,103.0
monster/gg,run,15,1444,253,93,116,53.0,114.0,103.0
monster/gg,attack1,0,2,384,99,107,50.0,114.0,103.0
monster/gg,attack1,1,102,381,82,113,44.0,117.0,103.0
monster/gg,attack1,2,188,378,88,121,48.0,120.0,103.0
monster/gg,attack1,3,288,382,101,118,44.0,116.0,103.0
monster/gg,attack1,4,387,379,102,119,52.0,119.0,103.0
monster/gg,attack1,5,479,387,120,115,62.0,111.0,103.0
monster/gg,attack1,6,593,392,97,109,46.0,106.0,103.0
monster/gg,attack1,7,686,395,99,106,46.0,103.0,103.0
monster/gg,attack1,8,777,384,104,120,52.0,114.0,103.0
monster/gg,attack1,9,876,385,105,119,55.0,113.0,103.0
monster/gg,attack1,10,973,395,104,109,55.0,103.0,103.0
monster/gg,attack1,11,1068,393,116,108,62.0,105.0,103.0
monster/gg,attack1,12,1164,388,115,109,59.0,110.0,103.0
monster/gg,attack1,13,1260,382,97,115,50.0,116.0,103.0
monster/gg,attack1,14,1355,379,91,118,51.0,119.0,103.0
monster/gg,attack1,15,1451,382,83,114,44.0,116.0,103.0
monster/gg,attack2,0,4,510,96,116,50.0,117.0,103.0
monster/gg,attack2,1,97,509,110,120,56.0,118.0,103.0
monster/gg,attack2,2,205,514,82,115,42.0,113.0,103.0
monster/gg,attack2,3,296,517,87,115,49.0,110.0,103.0
monster/gg,attack2,4,388,514,94,119,52.0,113.0,103.0
monster/gg,attack2,5,480,523,96,110,54.0,104.0,103.0
monster/gg,attack2,6,571,512,104,121,60.0,115.0,103.0
monster/gg,attack2,7,675,535,94,98,51.0,92.0,103.0
monster/gg,attack2,8,770,519,99,114,53.0,108.0,103.0
monster/gg,attack2,9,869,522,94,109,51.0,105.0,103.0
monster/gg,attack2,10,962,527,90,100,51.0,100.0,103.0
monster/gg,attack2,11,1057,522,88,105,50.0,105.0,103.0
monster/gg,attack2,12,1146,517,90,111,54.0,110.0,103.0
monster/gg,attack2,13,1248,515,86,114,42.0,112.0,103.0
monster/gg,attack2,14,1344,516,84,112,39.0,111.0,103.0
monster/gg,attack2,15,1437,513,93,112,48.0,114.0,103.0
monster/gg,hurt,0,3,643,100,112,50.0,108.0,103.0
monster/gg,hurt,1,104,638,93,119,47.0,113.0,103.0
monster/gg,hurt,2,203,638,85,119,41.0,113.0,103.0
monster/gg,hurt,3,296,641,92,117,49.0,110.0,103.0
monster/gg,hurt,4,396,641,97,116,47.0,110.0,103.0
monster/gg,hurt,5,494,652,103,104,53.0,99.0,103.0
monster/gg,hurt,6,589,655,113,98,55.0,96.0,103.0
monster/gg,hurt,7,684,660,122,94,63.0,91.0,103.0
monster/gg,hurt,8,782,659,127,94,64.0,92.0,103.0
monster/gg,hurt,9,884,670,140,83,68.0,81.0,103.0
monster/gg,hurt,10,1012,659,129,94,68.0,92.0,103.0
monster/gg,hurt,11,1147,646,96,108,48.0,105.0,103.0
monster/gg,hurt,12,1246,647,94,107,48.0,104.0,103.0
monster/gg,hurt,13,1341,646,95,108,49.0,105.0,103.0
monster/gg,hurt,14,1438,646,97,108,50.0,105.0,103.0
monster/gg,death,0,5,769,97,111,48.0,106.0,103.0
monster/gg,death,1,108,771,94,110,47.0,104.0,103.0
monster/gg,death,2,205,778,108,102,56.0,97.0,103.0
monster/gg,death,3,303,802,121,74,62.0,73.0,103.0
monster/gg,death,4,415,808,105,70,54.0,67.0,103.0
monster/gg,death,5,514,799,108,78,59.0,76.0,103.0
monster/gg,death,6,618,783,116,93,57.0,92.0,103.0
monster/gg,death,7,730,777,109,99,56.0,98.0,103.0
monster/gg,death,8,837,778,100,97,50.0,97.0,103.0
monster/gg,death,9,938,784,94,92,50.0,91.0,103.0
monster/gg,death,10,1034,786,95,90,47.0,89.0,103.0
monster/gg,death,11,1134,787,96,89,47.0,88.0,103.0
monster/gg,death,12,1236,776,97,102,50.0,99.0,103.0
monster/gg,death,13,1340,773,93,105,50.0,102.0,103.0
monster/gg,death,14,1440,772,87,105,50.0,103.0,103.0
monster/gg,skill,0,4,896,97,110,49.0,109.0,103.0
monster/gg,skill,1,104,894,96,117,49.0,111.0,103.0
monster/gg,skill,2,202,889,100,121,49.0,116.0,103.0
monster/gg,skill,3,301,891,106,119,60.0,114.0,103.0
monster/gg,skill,4,411,895,97,116,50.0,110.0,103.0
monster/gg,skill,5,509,892,127,119,63.0,113.0,103.0
monster/gg,skill,6,634,890,128,121,67.0,115.0,103.0
monster/gg,skill,7,762,889,122,123,66.0,116.0,103.0
monster/gg,skill,8,885,888,128,124,64.0,117.0,103.0
monster/gg,skill,9,1013,888,112,123,62.0,117.0,103.0
monster/gg,skill,10,1129,889,96,119,50.0,116.0,103.0
monster/gg,skill,11,1231,894,97,112,49.0,111.0,103.0
monster/gg,skill,12,1333,893,95,113,48.0,112.0,103.0
monster/gg,skill,13,1434,894,97,112,49.0,111.0,103.0
summon/summon,idle,0,16,27,94,101,46.0,98.0,94.0
summon/summon,idle,1,116,29,83,99,43.0,96.0,94.0
summon/summon,idle,2,208,29,85,99,45.0,96.0,94.0
summon/summon,idle,3,308,28,77,100,39.0,97.0,94.0
summon/summon,idle,4,403,28,78,100,41.0,97.0,94.0
summon/summon,idle,5,497,28,78,100,43.0,97.0,94.0
summon/summon,idle,6,589,28,85,100,45.0,97.0,94.0
summon/summon,idle,7,683,28,86,100,46.0,97.0,94.0
summon/summon,idle,8,776,28,88,100,47.0,97.0,94.0
summon/summon,idle,9,872,28,87,100,45.0,97.0,94.0
summon/summon,idle,10,967,29,85,99,45.0,96.0,94.0
summon/summon,idle,11,1060,29,86,99,46.0,96.0,94.0
summon/summon,idle,12,1155,28,85,100,45.0,97.0,94.0
summon/summon,idle,13,1250,28,84,100,44.0,97.0,94.0
summon/summon,idle,14,1345,29,84,99,44.0,96.0,94.0
summon/summon,idle,15,1439,29,86,99,43.0,96.0,94.0
summon/summon,walk,0,14,150,91,101,46.0,98.0,94.0
summon/summon,walk,1,111,151,89,100,46.0,97.0,94.0
summon/summon,walk,2,206,151,91,100,49.0,97.0,94.0
summon/summon,walk,3,301,152,89,99,47.0,96.0,94.0
summon/summon,walk,4,394,154,86,97,47.0,94.0,94.0
summon/summon,walk,5,488,153,87,98,47.0,95.0,94.0
summon/summon,walk,6,578,153,91,98,50.0,95.0,94.0
summon/summon,walk,7,672,153,93,98,49.0,95.0,94.0
summon/summon,walk,8,768,152,91,99,47.0,96.0,94.0
summon/summon,walk,9,862,153,91,97,48.0,95.0,94.0
summon/summon,walk,10,956,154,93,97,50.0,94.0,94.0
summon/summon,walk,11,1051,156,87,95,49.0,92.0,94.0
summon/summon,walk,12,1145,156,92,95,52.0,92.0,94.0
summon/summon,walk,13,1241,156,91,95,52.0,92.0,94.0
summon/summon,walk,14,1336,156,91,96,52.0,92.0,94.0
summon/summon,walk,15,1431,155,93,96,55.0,93.0,94.0
summon/summon,run,0,15,275,102,92,50.0,90.0,94.0
summon/summon,run,1,118,277,93,93,48.0,88.0,94.0
summon/summon,run,2,212,275,97,93,49.0,90.0,94.0
summon/summon,run,3,308,276,90,92,47.0,89.0,94.0
summon/summon,run,4,397,275,93,92,49.0,90.0,94.0
summon/summon,run,5,489,274,93,93,49.0,91.0,94.0
summon/summon,run,6,580,274,95,95,52.0,91.0,94.0
summon/summon,run,7,673,275,95,94,53.0,90.0,94.0
summon/summon,run,8,768,275,95,89,50.0,90.0,94.0
summon/summon,run,9,863,277,96,92,52.0,88.0,94.0
summon/summon,run,10,957,277,96,91,54.0,88.0,94.0
summon/summon,run,11,1050,277,101,91,59.0,88.0,94.0
summon/summon,run,12,1147,277,98,91,55.0,88.0,94.0
summon/summon,run,13,1241,277,98,93,56.0,88.0,94.0
summon/summon,run,14,1340,279,90,91,51.0,86.0,94.0
summon/summon,run,15,1433,278,96,92,55.0,87.0,94.0
summon/summon,attack1,0,12,407,96,95,49.0,95.0,94.0
summon/summon,attack1,1,104,399,83,102,45.0,103.0,94.0
summon/summon,attack1,2,196,385,90,117,49.0,117.0,94.0
summon/summon,attack1,3,289,387,90,115,51.0,115.0,94.0
summon/summon,attack1,4,379,391,101,113,54.0,111.0,94.0
summon/summon,attack1,5,480,386,106,116,56.0,116.0,94.0
summon/summon,attack1,6,579,388,107,116,56.0,114.0,94.0
summon/summon,attack1,7,683,386,107,118,57.0,116.0,94.0
summon/summon,attack1,8,786,390,108,117,54.0,112.0,94.0
summon/summon,attack1,9,885,394,101,113,58.0,108.0,94.0
summon/summon,attack1,10,976,396,101,112,57.0,106.0,94.0
summon/summon,attack1,11,1054,390,109,118,62.0,112.0,94.0
summon/summon,attack1,12,1160,388,95,113,53.0,114.0,94.0
summon/summon,attack1,13,1261,390,88,111,46.0,112.0,94.0
summon/summon,attack1,14,1349,406,99,98,49.0,96.0,94.0
summon/summon,attack1,15,1439,404,90,100,47.0,98.0,94.0
summon/summon,attack2,0,18,528,85,102,44.0,105.0,94.0
summon/summon,attack2,1,109,514,83,117,43.0,119.0,94.0
summon/summon,attack2,2,202,519,85,115,50.0,114.0,94.0
summon/summon,attack2,3,298,511,86,123,46.0,122.0,94.0
summon/summon,attack2,4,397,516,86,117,46.0,117.0,94.0
summon/summon,attack2,5,496,514,85,121,46.0,119.0,94.0
summon/summon,attack2,6,587,516,100,123,50.0,117.0,94.0
summon/summon,attack2,7,697,516,79,125,45.0,117.0,94.0
summon/summon,attack2,8,786,522,89,121,51.0,111.0,94.0
summon/summon,attack2,9,880,516,76,126,49.0,117.0,94.0
summon/summon,attack2,10,966,522,106,114,59.0,111.0,94.0
summon/summon,attack2,11,1071,524,91,118,50.0,109.0,94.0
summon/summon,attack2,12,1166,521,87,120,46.0,112.0,94.0
summon/summon,attack2,13,1263,536,81,96,46.0,97.0,94.0
summon/summon,attack2,14,1349,536,89,99,52.0,97.0,94.0
summon/summon,attack2,15,1442,533,83,100,46.0,100.0,94.0
summon/summon,hurt,0,16,656,86,100,44.0,104.0,94.0
summon/summon,hurt,1,113,664,81,96,39.0,96.0,94.0
summon/summon,hurt,2,202,665,87,97,44.0,95.0,94.0
summon/summon,hurt,3,300,666,90,97,46.0,94.0,94.0
summon/summon,hurt,4,397,664,92,99,47.0,96.0,94.0
summon/summon,hurt,5,492,670,91,94,46.0,90.0,94.0
summon/summon,hurt,6,590,664,86,97,43.0,96.0,94.0
summon/summon,hurt,7,682,675,86,88,47.0,85.0,94.0
summon/summon,hurt,8,774,675,90,92,49.0,85.0,94.0
summon/summon,hurt,9,869,674,92,90,51.0,86.0,94.0
summon/summon,hurt,10,967,676,94,90,51.0,84.0,94.0
summon/summon,hurt,11,1070,674,83,92,47.0,86.0,94.0
summon/summon,hurt,12,1163,674,83,90,45.0,86.0,94.0
summon/summon,hurt,13,1258,671,85,93,49.0,89.0,94.0
summon/summon,hurt,14,1355,667,80,96,42.0,93.0,94.0
summon/summon,hurt,15,1443,667,86,96,43.0,93.0,94.0
summon/summon,death,0,13,777,89,95,44.0,101.0,94.0
summon/summon,death,1,114,788,81,94,43.0,90.0,94.0
summon/summon,death,2,207,788,87,94,46.0,90.0,94.0
summon/summon,death,3,304,781,90,103,47.0,97.0,94.0
summon/summon,death,4,405,790,90,90,45.0,88.0,94.0
summon/summon,death,5,504,788,86,93,44.0,90.0,94.0
summon/summon,death,6,600,788,88,95,47.0,90.0,94.0
summon/summon,death,7,702,783,84,99,44.0,95.0,94.0
summon/summon,death,8,802,794,98,88,48.0,84.0,94.0
summon/summon,death,9,913,791,102,89,50.0,87.0,94.0
summon/summon,death,10,1018,789,106,90,62.0,89.0,94.0
summon/summon,death,11,1138,787,90,93,49.0,91.0,94.0
summon/summon,death,12,1246,790,84,90,38.0,88.0,94.0
summon/summon,death,13,1347,791,77,88,30.0,87.0,94.0
summon/summon,death,14,1443,787,64,91,23.0,91.0,94.0
summon/summon,skill,0,14,904,87,100,46.0,99.0,94.0
summon/summon,skill,1,107,895,97,113,46.0,108.0,94.0
summon/summon,skill,2,203,896,98,112,43.0,107.0,94.0
summon/summon,skill,3,297,896,74,111,39.0,107.0,94.0
summon/summon,skill,4,373,895,111,113,62.0,108.0,94.0
summon/summon,skill,5,486,894,110,110,62.0,109.0,94.0
summon/summon,skill,6,597,889,120,119,64.0,114.0,94.0
summon/summon,skill,7,715,893,137,116,75.0,110.0,94.0
summon/summon,skill,8,850,889,139,121,74.0,114.0,94.0
summon/summon,skill,9,972,887,87,123,53.0,116.0,94.0
summon/summon,skill,10,1061,887,142,123,76.0,116.0,94.0
summon/summon,skill,11,1206,892,132,115,68.0,111.0,94.0
summon/summon,skill,12,1339,906,97,104,54.0,97.0,94.0
summon/summon,skill,13,1442,907,86,98,44.0,96.0,94.0
boss/boss1,idle,0,7,20,90,95,42.0,92.0,88.0
boss/boss1,idle,1,103,20,89,95,42.0,92.0,88.0
boss/boss1,idle,2,199,21,89,94,42.0,91.0,88.0
boss/boss1,idle,3,295,21,89,94,43.0,91.0,88.0
boss/boss1,idle,4,391,21,90,94,43.0,91.0,88.0
boss/boss1,idle,5,487,20,89,95,43.0,92.0,88.0
boss/boss1,idle,6,584,21,89,94,42.0,91.0,88.0
boss/boss1,idle,7,679,20,89,95,43.0,92.0,88.0
boss/boss1,idle,8,775,21,89,94,43.0,91.0,88.0
boss/boss1,idle,9,871,20,89,95,43.0,92.0,88.0
boss/boss1,idle,10,967,21,89,94,42.0,91.0,88.0
boss/boss1,idle,11,1063,21,89,94,43.0,91.0,88.0
boss/boss1,idle,12,1159,20,89,95,43.0,92.0,88.0
boss/boss1,idle,13,1254,21,90,94,44.0,91.0,88.0
boss/boss1,idle,14,1351,17,89,98,43.0,95.0,88.0
boss/boss1,idle,15,1446,20,91,95,44.0,92.0,88.0
boss/boss1,walk,0,8,145,90,97,45.0,94.0,88.0
boss/boss1,walk,1,101,146,94,96,49.0,93.0,88.0
boss/boss1,walk,2,198,146,93,96,48.0,93.0,88.0
boss/boss1,walk,3,293,145,94,97,49.0,94.0,88.0
boss/boss1,walk,4,389,146,94,96,50.0,93.0,88.0
boss/boss1,walk,5,486,146,93,96,49.0,93.0,88.0
boss/boss1,walk,6,582,146,93,96,49.0,93.0,88.0
boss/boss1,walk,7,678,146,93,96,49.0,93.0,88.0
boss/boss1,walk,8,774,147,93,95,49.0,92.0,88.0
boss/boss1,walk,9,870,146,93,96,49.0,93.0,88.0
boss/boss1,walk,10,966,146,93,96,47.0,93.0,88.0
boss/boss1,walk,11,1062,146,93,96,48.0,93.0,88.0
boss/boss1,walk,12,1158,146,93,96,49.0,93.0,88.0
boss/boss1,walk,13,1252,146,95,96,51.0,93.0,88.0
boss/boss1,walk,14,1348,146,95,96,51.0,93.0,88.0
boss/boss1,walk,15,1445,146,91,96,49.0,93.0,88.0
boss/boss1,run,0,7,271,90,102,48.0,99.0,88.0
boss/boss1,run,1,102,272,96,101,51.0,98.0,88.0
boss/boss1,run,2,198,273,98,100,54.0,97.0,88.0
boss/boss1,run,3,296,283,101,90,54.0,87.0,88.0
boss/boss1,run,4,394,282,105,92,55.0,88.0,88.0
boss/boss1,run,5,494,282,102,91,51.0,88.0,88.0
boss/boss1,run,6,590,282,103,91,52.0,88.0,88.0
boss/boss1,run,7,687,281,101,93,51.0,89.0,88.0
boss/boss1,run,8,782,282,100,91,50.0,88.0,88.0
boss/boss1,run,9,876,282,99,91,50.0,88.0,88.0
boss/boss1,run,10,970,282,97,91,52.0,88.0,88.0
boss/boss1,run,11,1064,283,95,90,53.0,87.0,88.0
boss/boss1,run,12,1156,281,99,93,55.0,89.0,88.0
boss/boss1,run,13,1250,281,100,92,56.0,89.0,88.0
boss/boss1,run,14,1345,282,95,91,56.0,88.0,88.0
boss/boss1,run,15,1438,280,96,93,54.0,90.0,88.0
boss/boss1,attack1,0,8,390,79,113,41.0,110.0,88.0
boss/boss1,attack1,1,106,391,86,112,41.0,109.0,88.0
boss/boss1,attack1,2,208,397,76,107,41.0,103.0,88.0
boss/boss1,attack1,3,289,400,97,104,57.0,100.0,88.0
boss/boss1,attack1,4,401,398,93,106,48.0,102.0,88.0
boss/boss1,attack1,5,496,394,108,110,52.0,106.0,88.0
boss/boss1,attack1,6,604,391,124,113,51.0,109.0,88.0
boss/boss1,attack1,7,725,390,134,114,55.0,110.0,88.0
boss/boss1,attack1,8,865,393,139,111,45.0,107.0,88.0
boss/boss1,attack1,9,1008,398,104,106,32.0,102.0,88.0
boss/boss1,attack1,10,1114,400,85,104,37.0,100.0,88.0
boss/boss1,attack1,11,1200,400,84,103,45.0,100.0,88.0
boss/boss1,attack1,12,1283,393,72,110,38.0,107.0,88.0
boss/boss1,attack1,13,1357,401,81,102,44.0,99.0,88.0
boss/boss1,attack1,14,1448,389,76,114,41.0,111.0,88.0
boss/boss1,attack2,0,7,534,108,97,41.0,95.0,88.0
boss/boss1,attack2,1,96,515,83,116,47.0,114.0,88.0
boss/boss1,attack2,2,193,509,93,122,47.0,120.0,88.0
boss/boss1,attack2,3,300,514,83,117,46.0,115.0,88.0
boss/boss1,attack2,4,399,516,101,116,49.0,113.0,88.0
boss/boss1,attack2,5,510,517,114,115,47.0,112.0,88.0
boss/boss1,attack2,6,633,517,92,115,40.0,112.0,88.0
boss/boss1,attack2,7,740,516,120,115,47.0,113.0,88.0
boss/boss1,attack2,8,870,515,170,117,48.0,114.0,88.0
boss/boss1,attack2,9,1006,513,138,119,66.0,116.0,88.0
boss/boss1,attack2,10,1145,517,94,115,50.0,112.0,88.0
boss/boss1,attack2,11,1252,517,83,114,46.0,112.0,88.0
boss/boss1,attack2,12,1346,535,85,95,44.0,94.0,88.0
boss/boss1,attack2,13,1424,537,98,93,49.0,92.0,88.0
boss/boss1,hurt,0,7,653,87,100,42.0,98.0,88.0
boss/boss1,hurt,1,97,658,95,95,51.0,93.0,88.0
boss/boss1,hurt,2,200,655,87,98,45.0,96.0,88.0
boss/boss1,hurt,3,305,657,93,96,48.0,94.0,88.0
boss/boss1,hurt,4,416,672,87,82,42.0,79.0,88.0
boss/boss1,hurt,5,516,687,112,65,55.0,64.0,88.0
boss/boss1,hurt,6,636,676,112,77,55.0,75.0,88.0
boss/boss1,hurt,7,756,679,109,74,53.0,72.0,88.0
boss/boss1,hurt,8,871,680,110,73,55.0,71.0,88.0
boss/boss1,hurt,9,989,687,109,66,55.0,64.0,88.0
boss/boss1,hurt,10,1107,686,108,67,53.0,65.0,88.0
boss/boss1,hurt,11,1222,673,106,80,52.0,78.0,88.0
boss/boss1,hurt,12,1341,665,95,88,49.0,86.0,88.0
boss/boss1,hurt,13,1447,668,78,88,42.0,83.0,88.0
boss/boss1,death,0,8,768,88,98,40.0,95.0,88.0
boss/boss1,death,1,102,774,93,92,48.0,89.0,88.0
boss/boss1,death,2,204,783,93,83,43.0,80.0,88.0
boss/boss1,death,3,310,788,86,78,42.0,75.0,88.0
boss/boss1,death,4,408,801,105,65,51.0,62.0,88.0
boss/boss1,death,5,521,814,112,51,54.0,49.0,88.0
boss/boss1,death,6,642,817,112,49,57.0,46.0,88.0
boss/boss1,death,7,763,824,107,42,57.0,39.0,88.0
boss/boss1,death,8,880,808,101,59,51.0,55.0,88.0
boss/boss1,death,9,991,801,101,65,49.0,62.0,88.0
boss/boss1,death,10,1101,805,97,61,49.0,58.0,88.0
boss/boss1,death,11,1208,781,98,84,44.0,82.0,88.0
boss/boss1,death,12,1320,771,109,95,45.0,92.0,88.0
boss/boss1,death,13,1445,774,76,92,38.0,89.0,88.0
boss/boss1,skill,0,8,889,85,113,41.0,115.0,88.0
boss/boss1,skill,1,98,876,86,131,46.0,128.0,88.0
boss/boss1,skill,2,192,879,100,129,50.0,125.0,88.0
boss/boss1,skill,3,295,877,119,132,58.0,127.0,88.0
boss/boss1,skill,4,414,872,138,139,71.0,132.0,88.0
boss/boss1,skill,5,556,871,136,139,69.0,133.0,88.0
boss/boss1,skill,6,697,871,137,139,71.0,133.0,88.0
boss/boss1,skill,7,838,874,129,136,67.0,130.0,88.0
boss/boss1,skill,8,969,875,167,135,80.0,129.0,88.0
boss/boss1,skill,9,1134,880,98,127,49.0,124.0,88.0
boss/boss1,skill,10,1242,881,101,126,48.0,123.0,88.0
boss/boss1,skill,11,1354,881,89,121,46.0,123.0,88.0
boss/boss1,skill,12,1449,886,83,116,41.0,118.0,88.0
boss/boss2,idle,0,10,12,85,110,42.0,107.0,102.0
boss/boss2,idle,1,105,12,85,110,43.0,107.0,102.0
boss/boss2,idle,2,201,12,85,110,43.0,107.0,102.0
boss/boss2,idle,3,296,13,86,109,44.0,106.0,102.0
boss/boss2,idle,4,392,12,86,110,44.0,107.0,102.0
boss/boss2,idle,5,488,12,86,110,44.0,107.0,102.0
boss/boss2,idle,6,584,12,86,110,44.0,107.0,102.0
boss/boss2,idle,7,681,12,85,110,43.0,107.0,102.0
boss/boss2,idle,8,776,12,85,110,44.0,107.0,102.0
boss/boss2,idle,9,872,13,86,109,44.0,106.0,102.0
boss/boss2,idle,10,968,13,86,109,44.0,106.0,102.0
boss/boss2,idle,11,1064,13,86,109,44.0,106.0,102.0
boss/boss2,idle,12,1160,12,86,110,44.0,107.0,102.0
boss/boss2,idle,13,1256,12,86,110,44.0,107.0,102.0
boss/boss2,idle,14,1353,12,85,110,43.0,107.0,102.0
boss/boss2,idle,15,1448,13,86,109,44.0,106.0,102.0
boss/boss2,walk,0,9,140,90,110,44.0,107.0,102.0
boss/boss2,walk,1,106,140,89,110,41.0,107.0,102.0
boss/boss2,walk,2,202,140,89,110,40.0,107.0,102.0
boss/boss2,walk,3,299,140,88,110,39.0,107.0,102.0
boss/boss2,walk,4,395,140,88,110,39.0,107.0,102.0
boss/boss2,walk,5,490,140,89,110,40.0,107.0,102.0
boss/boss2,walk,6,586,139,89,111,40.0,108.0,102.0
boss/boss2,walk,7,682,140,89,110,40.0,107.0,102.0
boss/boss2,walk,8,779,143,88,107,39.0,104.0,102.0
boss/boss2,walk,9,874,142,89,108,40.0,105.0,102.0
boss/boss2,walk,10,970,140,89,110,40.0,107.0,102.0
boss/boss2,walk,11,1066,140,89,110,40.0,107.0,102.0
boss/boss2,walk,12,1162,140,89,110,40.0,107.0,102.0
boss/boss2,walk,13,1258,141,89,109,40.0,106.0,102.0
boss/boss2,walk,14,1355,140,88,110,39.0,107.0,102.0
boss/boss2,walk,15,1450,140,86,110,40.0,107.0,102.0
boss/boss2,run,0,2,267,95,112,49.0,108.0,102.0
boss/boss2,run,1,91,269,92,110,53.0,106.0,102.0
boss/boss2,run,2,175,269,101,110,62.0,106.0,102.0
boss/boss2,run,3,271,268,99,110,60.0,107.0,102.0
boss/boss2,run,4,368,269,97,109,62.0,106.0,102.0
boss/boss2,run,5,463,269,103,109,65.0,106.0,102.0
boss/boss2,run,6,557,269,127,110,68.0,106.0,102.0
boss/boss2,run,7,659,270,113,109,63.0,105.0,102.0
boss/boss2,run,8,756,269,111,109,64.0,106.0,102.0
boss/boss2,run,9,851,269,110,107,65.0,106.0,102.0
boss/boss2,run,10,946,269,110,102,66.0,106.0,102.0
boss/boss2,run,11,1042,269,111,102,66.0,106.0,102.0
boss/boss2,run,12,1139,269,110,107,65.0,106.0,102.0
boss/boss2,run,13,1234,268,111,109,66.0,107.0,102.0
boss/boss2,run,14,1331,268,111,110,65.0,107.0,102.0
boss/boss2,run,15,1433,268,104,111,59.0,107.0,102.0
boss/boss2,attack1,0,3,397,90,109,45.0,106.0,102.0
boss/boss2,attack1,1,87,405,106,101,55.0,98.0,102.0
boss/boss2,attack1,2,189,404,101,100,51.0,99.0,102.0
boss/boss2,attack1,3,285,392,91,114,53.0,111.0,102.0
boss/boss2,attack1,4,376,391,113,114,54.0,112.0,102.0
boss/boss2,attack1,5,471,393,99,113,53.0,110.0,102.0
boss/boss2,attack1,6,572,397,100,110,53.0,106.0,102.0
boss/boss2,attack1,7,673,393,110,114,58.0,110.0,102.0
boss/boss2,attack1,8,776,392,125,115,57.0,111.0,102.0
boss/boss2,attack1,9,886,392,137,115,61.0,111.0,102.0
boss/boss2,attack1,10,1014,388,88,118,44.0,115.0,102.0
boss/boss2,attack1,11,1111,389,106,117,51.0,114.0,102.0
boss/boss2,attack1,12,1220,391,106,115,54.0,112.0,102.0
boss/boss2,attack1,13,1338,390,100,116,47.0,113.0,102.0
boss/boss2,attack1,14,1442,390,88,116,42.0,113.0,102.0
boss/boss2,attack2,0,0,524,98,111,49.0,108.0,102.0
boss/boss2,attack2,1,94,535,93,98,49.0,97.0,102.0
boss/boss2,attack2,2,193,523,96,111,48.0,109.0,102.0
boss/boss2,attack2,3,286,525,101,109,47.0,107.0,102.0
boss/boss2,attack2,4,378,522,105,112,52.0,110.0,102.0
boss/boss2,attack2,5,477,519,102,115,50.0,113.0,102.0
boss/boss2,attack2,6,574,517,105,117,47.0,115.0,102.0
boss/boss2,attack2,7,671,516,130,118,58.0,116.0,102.0
boss/boss2,attack2,8,785,515,116,122,58.0,117.0,102.0
boss/boss2,attack2,9,901,515,125,121,63.0,117.0,102.0
boss/boss2,attack2,10,1028,515,122,122,60.0,117.0,102.0
boss/boss2,attack2,11,1151,518,98,117,51.0,114.0,102.0
boss/boss2,attack2,12,1252,524,95,111,57.0,108.0,102.0
boss/boss2,attack2,13,1347,526,93,109,53.0,106.0,102.0
boss/boss2,attack2,14,1446,524,90,110,47.0,108.0,102.0
boss/boss2,hurt,0,3,653,95,109,48.0,103.0,102.0
boss/boss2,hurt,1,101,657,97,103,49.0,99.0,102.0
boss/boss2,hurt,2,200,656,102,101,48.0,100.0,102.0
boss/boss2,hurt,3,301,655,96,103,47.0,101.0,102.0
boss/boss2,hurt,4,399,655,93,103,45.0,101.0,102.0
boss/boss2,hurt,5,495,655,91,103,46.0,101.0,102.0
boss/boss2,hurt,6,590,655,90,103,46.0,101.0,102.0
boss/boss2,hurt,7,686,659,90,98,45.0,97.0,102.0
boss/boss2,hurt,8,782,657,89,100,44.0,99.0,102.0
boss/boss2,hurt,9,879,660,88,97,46.0,96.0,102.0
boss/boss2,hurt,10,974,660,90,98,46.0,96.0,102.0
boss/boss2,hurt,11,1071,662,90,96,44.0,94.0,102.0
boss/boss2,hurt,12,1167,654,86,106,42.0,102.0,102.0
boss/boss2,hurt,13,1257,653,92,109,46.0,103.0,102.0
boss/boss2,hurt,14,1353,653,90,109,44.0,103.0,102.0
boss/boss2,hurt,15,1447,653,87,109,45.0,103.0,102.0
boss/boss2,death,0,3,780,96,110,47.0,101.0,102.0
boss/boss2,death,1,98,783,101,105,46.0,98.0,102.0
boss/boss2,death,2,192,780,104,108,50.0,101.0,102.0
boss/boss2,death,3,288,783,97,104,47.0,98.0,102.0
boss/boss2,death,4,384,783,96,105,48.0,98.0,102.0
boss/boss2,death,5,478,772,98,114,48.0,109.0,102.0
boss/boss2,death,6,572,777,100,104,52.0,104.0,102.0
boss/boss2,death,7,669,783,99,98,49.0,98.0,102.0
boss/boss2,death,8,767,783,98,96,50.0,98.0,102.0
boss/boss2,death,9,866,781,101,98,49.0,100.0,102.0
boss/boss2,death,10,966,787,99,92,47.0,94.0,102.0
boss/boss2,death,11,1064,788,98,91,51.0,93.0,102.0
boss/boss2,death,12,1160,774,92,105,47.0,107.0,102.0
boss/boss2,death,13,1245,773,97,106,51.0,108.0,102.0
boss/boss2,death,14,1336,805,104,74,53.0,76.0,102.0
boss/boss2,death,15,1437,813,101,66,51.0,68.0,102.0
boss/boss2,skill,0,2,908,99,109,48.0,104.0,102.0
boss/boss2,skill,1,101,908,94,108,48.0,104.0,102.0
boss/boss2,skill,2,188,908,95,107,54.0,104.0,102.0
boss/boss2,skill,3,277,908,111,108,58.0,104.0,102.0
boss/boss2,skill,4,369,894,120,122,64.0,118.0,102.0
boss/boss2,skill,5,469,891,128,126,63.0,121.0,102.0
boss/boss2,skill,6,574,889,153,129,66.0,123.0,102.0
boss/boss2,skill,7,691,889,148,129,63.0,123.0,102.0
boss/boss2,skill,8,822,890,120,126,65.0,122.0,102.0
boss/boss2,skill,9,935,897,121,119,57.0,115.0,102.0
boss/boss2,skill,10,1040,900,112,116,55.0,112.0,102.0
boss/boss2,skill,11,1143,908,110,108,60.0,104.0,102.0
boss/boss2,skill,12,1244,909,103,108,53.0,103.0,102.0
boss/boss2,skill,13,1349,909,92,109,46.0,103.0,102.0
boss/boss2,skill,14,1446,909,88,109,46.0,103.0,102.0
boss/boss3,idle,0,5,8,92,120,46.0,116.0,114.0
boss/boss3,idle,1,100,8,91,119,46.0,116.0,114.0
boss/boss3,idle,2,195,8,92,119,46.0,116.0,114.0
boss/boss3,idle,3,291,8,92,119,46.0,116.0,114.0
boss/boss3,idle,4,385,8,94,119,47.0,116.0,114.0
boss/boss3,idle,5,483,8,92,119,45.0,116.0,114.0
boss/boss3,idle,6,579,8,93,119,45.0,116.0,114.0
boss/boss3,idle,7,676,8,92,119,44.0,116.0,114.0
boss/boss3,idle,8,771,8,93,119,44.0,116.0,114.0
boss/boss3,idle,9,867,8,92,119,43.0,116.0,114.0
boss/boss3,idle,10,962,8,93,119,43.0,116.0,114.0
boss/boss3,idle,11,1057,7,92,120,44.0,117.0,114.0
boss/boss3,idle,12,1152,8,94,119,44.0,116.0,114.0
boss/boss3,idle,13,1246,7,94,120,47.0,117.0,114.0
boss/boss3,idle,14,1342,7,94,120,46.0,117.0,114.0
boss/boss3,idle,15,1438,8,93,118,46.0,116.0,114.0
boss/boss3,walk,0,6,139,88,115,47.0,112.0,114.0
boss/boss3,walk,1,98,136,92,117,47.0,115.0,114.0
boss/boss3,walk,2,194,136,91,117,46.0,115.0,114.0
boss/boss3,walk,3,288,136,92,118,47.0,115.0,114.0
boss/boss3,walk,4,382,136,93,119,48.0,115.0,114.0
boss/boss3,walk,5,478,136,92,118,48.0,115.0,114.0
boss/boss3,walk,6,573,135,91,119,48.0,116.0,114.0
boss/boss3,walk,7,667,135,93,119,48.0,116.0,114.0
boss/boss3,walk,8,765,136,91,118,47.0,115.0,114.0
boss/boss3,walk,9,861,136,90,119,47.0,115.0,114.0
boss/boss3,walk,10,957,136,88,118,46.0,115.0,114.0
boss/boss3,walk,11,1052,137,89,117,46.0,114.0,114.0
boss/boss3,walk,12,1147,136,88,115,46.0,115.0,114.0
boss/boss3,walk,13,1242,136,88,115,46.0,115.0,114.0
boss/boss3,walk,14,1337,136,88,115,46.0,115.0,114.0
boss/boss3,walk,15,1432,136,87,116,46.0,115.0,114.0
boss/boss3,run,0,3,262,90,116,45.0,110.0,114.0
boss/boss3,run,1,97,261,89,117,45.0,111.0,114.0
boss/boss3,run,2,192,261,90,117,45.0,111.0,114.0
boss/boss3,run,3,286,261,91,115,47.0,111.0,114.0
boss/boss3,run,4,382,261,91,115,47.0,111.0,114.0
boss/boss3,run,5,477,261,89,113,48.0,111.0,114.0
boss/boss3,run,6,571,261,91,113,49.0,111.0,114.0
boss/boss3,run,7,668,260,91,114,48.0,112.0,114.0
boss/boss3,run,8,764,261,90,113,47.0,111.0,114.0
boss/boss3,run,9,859,261,91,113,48.0,111.0,114.0
boss/boss3,run,10,955,261,90,113,47.0,111.0,114.0
boss/boss3,run,11,1050,260,90,113,47.0,112.0,114.0
boss/boss3,run,12,1145,260,90,113,48.0,112.0,114.0
boss/boss3,run,13,1240,261,90,113,48.0,111.0,114.0
boss/boss3,run,14,1336,261,90,113,48.0,111.0,114.0
boss/boss3,run,15,1432,260,90,114,47.0,112.0,114.0
boss/boss3,attack1,0,3,396,98,104,45.0,108.0,114.0
boss/boss3,attack1,1,104,396,92,112,46.0,108.0,114.0
boss/boss3,attack1,2,192,386,98,122,50.0,118.0,114.0
boss/boss3,attack1,3,283,391,103,115,54.0,113.0,114.0
boss/boss3,attack1,4,385,389,102,116,49.0,115.0,114.0
boss/boss3,attack1,5,482,382,112,127,48.0,122.0,114.0
boss/boss3,attack1,6,579,387,112,121,48.0,117.0,114.0
boss/boss3,attack1,7,679,385,116,124,47.0,119.0,114.0
boss/boss3,attack1,8,778,391,106,118,46.0,113.0,114.0
boss/boss3,attack1,9,868,400,109,110,51.0,104.0,114.0
boss/boss3,attack1,10,961,395,110,114,54.0,109.0,114.0
boss/boss3,attack1,11,1060,388,106,123,55.0,116.0,114.0
boss/boss3,attack1,12,1159,385,97,126,51.0,119.0,114.0
boss/boss3,attack1,13,1252,384,96,127,51.0,120.0,114.0
boss/boss3,attack1,14,1342,388,100,122,49.0,116.0,114.0
boss/boss3,attack1,15,1438,389,95,118,46.0,115.0,114.0
boss/boss3,attack2,0,4,522,92,114,46.0,112.0,114.0
boss/boss3,attack2,1,100,513,86,125,42.0,121.0,114.0
boss/boss3,attack2,2,190,512,94,125,53.0,122.0,114.0
boss/boss3,attack2,3,292,511,92,127,45.0,123.0,114.0
boss/boss3,attack2,4,390,508,94,127,47.0,126.0,114.0
boss/boss3,attack2,5,490,510,93,131,46.0,124.0,114.0
boss/boss3,attack2,6,587,512,100,125,48.0,122.0,114.0
boss/boss3,attack2,7,690,513,93,124,45.0,121.0,114.0
boss/boss3,attack2,8,786,513,83,125,43.0,121.0,114.0
boss/boss3,attack2,9,873,515,84,121,44.0,119.0,114.0
boss/boss3,attack2,10,961,512,91,126,46.0,122.0,114.0
boss/boss3,attack2,11,1057,512,93,126,48.0,122.0,114.0
boss/boss3,attack2,12,1156,512,92,125,44.0,122.0,114.0
boss/boss3,attack2,13,1254,512,84,128,44.0,122.0,114.0
boss/boss3,attack2,14,1345,512,87,127,44.0,122.0,114.0
boss/boss3,attack2,15,1438,518,95,119,47.0,116.0,114.0
boss/boss3,hurt,0,3,651,94,118,48.0,109.0,114.0
boss/boss3,hurt,1,102,647,89,116,45.0,113.0,114.0
boss/boss3,hurt,2,195,647,91,113,46.0,113.0,114.0
boss/boss3,hurt,3,291,656,92,106,46.0,104.0,114.0
boss/boss3,hurt,4,385,658,96,103,49.0,102.0,114.0
boss/boss3,hurt,5,483,665,96,96,47.0,95.0,114.0
boss/boss3,hurt,6,580,683,102,77,53.0,77.0,114.0
boss/boss3,hurt,7,681,684,94,73,50.0,76.0,114.0
boss/boss3,hurt,8,776,685,96,72,50.0,75.0,114.0
boss/boss3,hurt,9,872,688,96,69,51.0,72.0,114.0
boss/boss3,hurt,10,969,687,99,72,56.0,73.0,114.0
boss/boss3,hurt,11,1070,678,86,84,45.0,82.0,114.0
boss/boss3,hurt,12,1163,675,86,89,45.0,85.0,114.0
boss/boss3,hurt,13,1259,661,86,102,46.0,99.0,114.0
boss/boss3,hurt,14,1351,651,88,113,43.0,109.0,114.0
boss/boss3,hurt,15,1440,651,93,117,48.0,109.0,114.0
boss/boss3,death,0,3,773,94,117,45.0,107.0,114.0
boss/boss3,death,1,103,773,92,114,46.0,107.0,114.0
boss/boss3,death,2,199,774,92,110,49.0,106.0,114.0
boss/boss3,death,3,293,779,97,104,53.0,101.0,114.0
boss/boss3,death,4,387,797,102,88,56.0,83.0,114.0
boss/boss3,death,5,481,803,111,80,60.0,77.0,114.0
boss/boss3,death,6,588,802,110,81,58.0,78.0,114.0
boss/boss3,death,7,698,812,112,71,58.0,68.0,114.0
boss/boss3,death,8,810,801,110,83,59.0,79.0,114.0
boss/boss3,death,9,921,798,107,86,55.0,82.0,114.0
boss/boss3,death,10,1027,797,108,87,56.0,83.0,114.0
boss/boss3,death,11,1131,785,107,99,55.0,95.0,114.0
boss/boss3,death,12,1238,784,100,100,47.0,96.0,114.0
boss/boss3,death,13,1340,784,98,100,49.0,96.0,114.0
boss/boss3,death,14,1435,785,97,97,31.0,95.0,114.0
boss/boss3,skill,0,3,897,94,121,46.0,113.0,114.0
boss/boss3,skill,1,100,893,95,121,49.0,117.0,114.0
boss/boss3,skill,2,193,891,98,124,48.0,119.0,114.0
boss/boss3,skill,3,285,890,87,124,45.0,120.0,114.0
boss/boss3,skill,4,372,886,115,131,59.0,124.0,114.0
boss/boss3,skill,5,489,894,119,119,63.0,116.0,114.0
boss/boss3,skill,6,603,892,136,125,69.0,118.0,114.0
boss/boss3,skill,7,737,888,107,129,57.0,122.0,114.0
boss/boss3,skill,8,838,889,163,125,87.0,121.0,114.0
boss/boss3,skill,9,983,889,87,128,48.0,121.0,114.0
boss/boss3,skill,10,1065,888,139,130,72.0,122.0,114.0
boss/boss3,skill,11,1197,893,133,125,67.0,117.0,114.0
boss/boss3,skill,12,1327,899,113,115,61.0,111.0,114.0
boss/boss3,skill,13,1437,897,95,118,50.0,113.0,114.0
boss/boss4,idle,0,3,14,94,106,49.0,103.0,100.0
boss/boss4,idle,1,98,14,95,108,50.0,103.0,100.0
boss/boss4,idle,2,194,14,95,107,49.0,103.0,100.0
boss/boss4,idle,3,289,14,96,108,50.0,103.0,100.0
boss/boss4,idle,4,384,14,97,108,50.0,103.0,100.0
boss/boss4,idle,5,481,14,95,107,49.0,103.0,100.0
boss/boss4,idle,6,576,14,96,110,50.0,103.0,100.0
boss/boss4,idle,7,671,14,96,108,50.0,103.0,100.0
boss/boss4,idle,8,767,14,95,109,49.0,103.0,100.0
boss/boss4,idle,9,862,14,96,109,50.0,103.0,100.0
boss/boss4,idle,10,958,14,96,108,49.0,103.0,100.0
boss/boss4,idle,11,1053,14,96,109,50.0,103.0,100.0
boss/boss4,idle,12,1149,14,95,108,49.0,103.0,100.0
boss/boss4,idle,13,1245,14,96,109,49.0,103.0,100.0
boss/boss4,idle,14,1341,14,95,109,49.0,103.0,100.0
boss/boss4,idle,15,1436,14,96,108,50.0,103.0,100.0
boss/boss4,walk,0,12,134,87,109,44.0,106.0,100.0
boss/boss4,walk,1,108,134,88,109,45.0,106.0,100.0
boss/boss4,walk,2,204,134,88,109,45.0,106.0,100.0
boss/boss4,walk,3,300,134,87,109,45.0,106.0,100.0
boss/boss4,walk,4,396,134,88,109,45.0,106.0,100.0
boss/boss4,walk,5,492,134,88,109,45.0,106.0,100.0
boss/boss4,walk,6,587,133,87,110,46.0,107.0,100.0
boss/boss4,walk,7,682,134,88,109,46.0,106.0,100.0
boss/boss4,walk,8,778,134,88,109,45.0,106.0,100.0
boss/boss4,walk,9,873,133,87,110,46.0,107.0,100.0
boss/boss4,walk,10,968,133,88,110,46.0,107.0,100.0
boss/boss4,walk,11,1064,133,88,110,45.0,107.0,100.0
boss/boss4,walk,12,1160,133,88,110,45.0,107.0,100.0
boss/boss4,walk,13,1255,133,88,110,46.0,107.0,100.0
boss/boss4,walk,14,1351,133,89,110,46.0,107.0,100.0
boss/boss4,walk,15,1447,133,88,110,46.0,107.0,100.0
boss/boss4,run,0,3,257,95,109,52.0,108.0,100.0
boss/boss4,run,1,99,256,93,113,51.0,109.0,100.0
boss/boss4,run,2,194,256,95,112,52.0,109.0,100.0
boss/boss4,run,3,290,257,96,111,53.0,108.0,100.0
boss/boss4,run,4,390,260,92,108,50.0,105.0,100.0
boss/boss4,run,5,487,259,91,110,48.0,106.0,100.0
boss/boss4,run,6,583,259,90,109,49.0,106.0,100.0
boss/boss4,run,7,678,260,91,108,49.0,105.0,100.0
boss/boss4,run,8,772,260,91,108,50.0,105.0,100.0
boss/boss4,run,9,868,260,89,108,49.0,105.0,100.0
boss/boss4,run,10,964,259,89,110,49.0,106.0,100.0
boss/boss4,run,11,1059,259,89,110,50.0,106.0,100.0
boss/boss4,run,12,1155,259,89,110,48.0,106.0,100.0
boss/boss4,run,13,1250,256,90,113,48.0,109.0,100.0
boss/boss4,run,14,1345,256,91,113,47.0,109.0,100.0
boss/boss4,run,15,1439,252,93,117,48.0,113.0,100.0
boss/boss4,attack1,0,2,387,97,114,51.0,112.0,100.0
boss/boss4,attack1,1,102,386,94,116,50.0,113.0,100.0
boss/boss4,attack1,2,201,384,88,117,46.0,115.0,100.0
boss/boss4,attack1,3,292,386,94,115,51.0,113.0,100.0
boss/boss4,attack1,4,388,379,94,122,47.0,120.0,100.0
boss/boss4,attack1,5,484,385,95,116,47.0,114.0,100.0
boss/boss4,attack1,6,580,385,94,116,50.0,114.0,100.0
boss/boss4,attack1,7,675,384,92,117,52.0,115.0,100.0
boss/boss4,attack1,8,770,380,94,121,52.0,119.0,100.0
boss/boss4,attack1,9,868,383,91,118,51.0,116.0,100.0
boss/boss4,attack1,10,963,380,87,121,46.0,119.0,100.0
boss/boss4,attack1,11,1053,388,96,114,48.0,111.0,100.0
boss/boss4,attack1,12,1150,382,95,120,47.0,117.0,100.0
boss/boss4,attack1,13,1247,382,93,119,49.0,117.0,100.0
boss/boss4,attack1,14,1344,386,96,116,53.0,113.0,100.0
boss/boss4,attack1,15,1437,386,98,116,50.0,113.0,100.0
boss/boss4,attack2,0,3,520,95,114,50.0,112.0,100.0
boss/boss4,attack2,1,100,511,92,123,49.0,121.0,100.0
boss/boss4,attack2,2,200,516,89,118,47.0,116.0,100.0
boss/boss4,attack2,3,297,509,88,125,48.0,123.0,100.0
boss/boss4,attack2,4,390,511,91,122,49.0,121.0,100.0
boss/boss4,attack2,5,490,511,89,123,48.0,121.0,100.0
boss/boss4,attack2,6,582,510,91,124,50.0,122.0,100.0
boss/boss4,attack2,7,676,516,91,118,52.0,116.0,100.0
boss/boss4,attack2,8,767,508,92,126,56.0,124.0,100.0
boss/boss4,attack2,9,864,507,93,127,54.0,125.0,100.0
boss/boss4,attack2,10,962,510,93,124,49.0,122.0,100.0
boss/boss4,attack2,11,1057,508,91,128,52.0,124.0,100.0
boss/boss4,attack2,12,1152,505,92,131,49.0,127.0,100.0
boss/boss4,attack2,13,1245,511,89,124,52.0,121.0,100.0
boss/boss4,attack2,14,1343,512,96,123,50.0,120.0,100.0
boss/boss4,attack2,15,1437,506,99,128,52.0,126.0,100.0
boss/boss4,hurt,0,17,649,79,109,39.0,106.0,100.0
boss/boss4,hurt,1,112,648,81,110,41.0,107.0,100.0
boss/boss4,hurt,2,207,652,80,106,40.0,103.0,100.0
boss/boss4,hurt,3,301,650,80,108,40.0,105.0,100.0
boss/boss4,hurt,4,393,651,87,107,44.0,104.0,100.0
boss/boss4,hurt,5,489,654,85,104,42.0,101.0,100.0
boss/boss4,hurt,6,584,651,85,107,44.0,104.0,100.0
boss/boss4,hurt,7,678,653,84,105,44.0,102.0,100.0
boss/boss4,hurt,8,771,649,85,109,44.0,106.0,100.0
boss/boss4,hurt,9,862,646,84,108,44.0,109.0,100.0
boss/boss4,hurt,10,954,651,96,103,47.0,104.0,100.0
boss/boss4,hurt,11,1055,651,95,103,45.0,104.0,100.0
boss/boss4,hurt,12,1160,651,78,107,44.0,104.0,100.0
boss/boss4,hurt,13,1252,651,78,107,41.0,104.0,100.0
boss/boss4,hurt,14,1347,648,79,110,42.0,107.0,100.0
boss/boss4,hurt,15,1446,651,78,107,41.0,104.0,100.0
boss/boss4,death,0,13,781,85,97,41.0,87.0,100.0
boss/boss4,death,1,108,779,97,98,49.0,89.0,100.0
boss/boss4,death,2,211,773,100,97,49.0,95.0,100.0
boss/boss4,death,3,315,784,94,84,46.0,84.0,100.0
boss/boss4,death,4,417,783,94,86,46.0,85.0,100.0
boss/boss4,death,5,517,773,95,96,48.0,95.0,100.0
boss/boss4,death,6,619,773,95,97,48.0,95.0,100.0
boss/boss4,death,7,721,775,97,95,48.0,93.0,100.0
boss/boss4,death,8,826,775,111,96,52.0,93.0,100.0
boss/boss4,death,9,941,778,102,93,50.0,90.0,100.0
boss/boss4,death,10,1050,786,91,85,48.0,82.0,100.0
boss/boss4,death,11,1155,783,80,89,43.0,85.0,100.0
boss/boss4,death,12,1254,782,78,90,36.0,86.0,100.0
boss/boss4,death,13,1355,782,71,91,32.0,86.0,100.0
boss/boss4,death,14,1452,781,68,93,34.0,87.0,100.0
boss/boss4,skill,0,2,894,95,109,51.0,110.0,100.0
boss/boss4,skill,1,94,895,103,107,54.0,109.0,100.0
boss/boss4,skill,2,190,892,101,110,55.0,112.0,100.0
boss/boss4,skill,3,284,882,103,129,51.0,122.0,100.0
boss/boss4,skill,4,381,884,104,128,50.0,120.0,100.0
boss/boss4,skill,5,477,883,104,130,54.0,121.0,100.0
boss/boss4,skill,6,573,887,101,125,53.0,117.0,100.0
boss/boss4,skill,7,667,882,103,130,56.0,122.0,100.0
boss/boss4,skill,8,764,881,102,131,49.0,123.0,100.0
boss/boss4,skill,9,859,888,103,125,53.0,116.0,100.0
boss/boss4,skill,10,954,883,104,129,55.0,121.0,100.0
boss/boss4,skill,11,1049,882,104,130,52.0,122.0,100.0
boss/boss4,skill,12,1147,891,100,114,52.0,113.0,100.0
boss/boss4,skill,13,1247,893,95,109,50.0,111.0,100.0
boss/boss4,skill,14,1343,894,97,108,50.0,110.0,100.0
boss/boss4,skill,15,1442,895,95,108,46.0,109.0,100.0
